indicator_id,name,pillar_id,pillar_name,role,core_gate,kind,method,disaggregation,max_age,preferred_years,definition,national_first,international_fallback,steward,app_fetch_kind,app_series,app_mapped_source,app_mapped_url,app_proxy,app_proxy_note,app_status,app_value,app_year,app_source_name,app_source_url,app_grade,app_score_100,perplexity_value,perplexity_year,perplexity_source,perplexity_url,perplexity_direct_or_proxy,perplexity_notes,same_as_app,perplexity_prompt
1.1,Agriculture value added per worker (constant 2015 USD),C0,Agricultural context & need,Context,no,rubric,Context profile (not aggregated),agricultural,3,2023–2026,Agriculture value added per worker (constant 2015 USD). Method: Context profile (not aggregated).,National statistical office series that matches the international definition,No international substitute — documentary lead only,Statistics office / international statistical system,worldbank,NV.AGR.EMPL.KD,World Bank WDI,https://data.worldbank.org/indicator/NV.AGR.EMPL.KD,no,,direct,8942.42,2025,World Bank WDI,https://data.worldbank.org/indicator/NV.AGR.EMPL.KD,A,86,,,,,,,,"Egypt — 1.1 Agriculture value added per worker (constant 2015 USD). Definition: Agriculture value added per worker (constant 2015 USD). Method: Context profile (not aggregated). Required cut: agricultural. Preferred years 2023–2026. Try national first (National statistical office series that matches the international definition), then No international substitute — documentary lead only. Return only: value, unit, observation year, source organisation, exact publication title, URL, and whether the series is DIRECT or PROXY for this definition. If you cannot find a cited official figure, say MISSING and name the steward who should hold it. Do not invent a number."
1.2,Cereal yield (kg per hectare),C0,Agricultural context & need,Context,no,rubric,Context profile (not aggregated),national,3,2023–2026,Cereal yield (kg per hectare). Method: Context profile (not aggregated).,National statistical office series that matches the international definition,No international substitute — documentary lead only,Statistics office / international statistical system,worldbank,AG.YLD.CREL.KG,World Bank WDI,https://data.worldbank.org/indicator/AG.YLD.CREL.KG,no,,direct,7402.2,2023,World Bank WDI,https://data.worldbank.org/indicator/AG.YLD.CREL.KG,A,96,,,,,,,,"Egypt — 1.2 Cereal yield (kg per hectare). Definition: Cereal yield (kg per hectare). Method: Context profile (not aggregated). Required cut: national. Preferred years 2023–2026. Try national first (National statistical office series that matches the international definition), then No international substitute — documentary lead only. Return only: value, unit, observation year, source organisation, exact publication title, URL, and whether the series is DIRECT or PROXY for this definition. If you cannot find a cited official figure, say MISSING and name the steward who should hold it. Do not invent a number."
1.3,Employment in agriculture (% of total employment),C0,Agricultural context & need,Context,no,rubric,Context profile (not aggregated),agricultural,3,2023–2026,Employment in agriculture (% of total employment). Method: Context profile (not aggregated).,National statistical office series that matches the international definition,No international substitute — documentary lead only,Statistics office / international statistical system,worldbank,SL.AGR.EMPL.ZS,World Bank WDI / ILO,https://data.worldbank.org/indicator/SL.AGR.EMPL.ZS,no,,direct,17.52,2025,World Bank WDI / ILO,https://data.worldbank.org/indicator/SL.AGR.EMPL.ZS,A,86,,,,,,,,"Egypt — 1.3 Employment in agriculture (% of total employment). Definition: Employment in agriculture (% of total employment). Method: Context profile (not aggregated). Required cut: agricultural. Preferred years 2023–2026. Try national first (National statistical office series that matches the international definition), then No international substitute — documentary lead only. Return only: value, unit, observation year, source organisation, exact publication title, URL, and whether the series is DIRECT or PROXY for this definition. If you cannot find a cited official figure, say MISSING and name the steward who should hold it. Do not invent a number."
1.4,Food production index (2014-2016 = 100),C0,Agricultural context & need,Context,no,rubric,Context profile (not aggregated),national,3,2023–2026,Food production index (2014-2016 = 100). Method: Context profile (not aggregated).,National statistical office series that matches the international definition,No international substitute — documentary lead only,Statistics office / international statistical system,worldbank,AG.PRD.FOOD.XD,World Bank WDI / FAO,https://data.worldbank.org/indicator/AG.PRD.FOOD.XD,no,,direct,109.07,2022,World Bank WDI / FAO,https://data.worldbank.org/indicator/AG.PRD.FOOD.XD,A,86,,,,,,,,"Egypt — 1.4 Food production index (2014-2016 = 100). Definition: Food production index (2014-2016 = 100). Method: Context profile (not aggregated). Required cut: national. Preferred years 2023–2026. Try national first (National statistical office series that matches the international definition), then No international substitute — documentary lead only. Return only: value, unit, observation year, source organisation, exact publication title, URL, and whether the series is DIRECT or PROXY for this definition. If you cannot find a cited official figure, say MISSING and name the steward who should hold it. Do not invent a number."
1.5,Post-harvest loss rate (%),C0,Agricultural context & need,Context,no,rubric,Context profile (not aggregated),national,2,2024–2026,Post-harvest loss rate (%). Method: Context profile (not aggregated).,National statistical office or line ministry publication,No international substitute — documentary lead only,Line ministry / statistics office,named-gap,,National post-harvest assessment,,no,No comparable global series. Route to the agriculture ministry / FAO FLW contact.,missing,,,,,E,0,,,,,,,,"Egypt — 1.5 Post-harvest loss rate (%). Definition: Post-harvest loss rate (%). Method: Context profile (not aggregated). Required cut: national. Preferred years 2024–2026. Try national first (National statistical office or line ministry publication), then No international substitute — documentary lead only. Return only: value, unit, observation year, source organisation, exact publication title, URL, and whether the series is DIRECT or PROXY for this definition. If you cannot find a cited official figure, say MISSING and name the steward who should hold it. Do not invent a number."
1.6,Smallholder access to formal markets (%),C0,Agricultural context & need,Context,no,rubric,Context profile (not aggregated),agricultural,2,2024–2026,Smallholder access to formal markets (%). Method: Context profile (not aggregated).,National statistical office or line ministry publication,No international substitute — documentary lead only,Line ministry / statistics office,named-gap,,Agricultural census / LSMS-ISA,,no,Smallholder market access is a local survey item.,missing,,,,,E,0,,,,,,,,"Egypt — 1.6 Smallholder access to formal markets (%). Definition: Smallholder access to formal markets (%). Method: Context profile (not aggregated). Required cut: agricultural. Preferred years 2024–2026. Try national first (National statistical office or line ministry publication), then No international substitute — documentary lead only. Return only: value, unit, observation year, source organisation, exact publication title, URL, and whether the series is DIRECT or PROXY for this definition. If you cannot find a cited official figure, say MISSING and name the steward who should hold it. Do not invent a number."
1.7,Agricultural credit access (% of farmers),C0,Agricultural context & need,Context,no,rubric,Context profile (not aggregated),agricultural,2,2024–2026,Agricultural credit access (% of farmers). Method: Context profile (not aggregated).,National statistical office or line ministry publication,No international substitute — documentary lead only,Line ministry / statistics office,named-gap,,Agricultural finance survey,,no,Share of farmers with formal credit. Local survey or central-bank microdata.,missing,,,,,E,0,,,,,,,,"Egypt — 1.7 Agricultural credit access (% of farmers). Definition: Agricultural credit access (% of farmers). Method: Context profile (not aggregated). Required cut: agricultural. Preferred years 2024–2026. Try national first (National statistical office or line ministry publication), then No international substitute — documentary lead only. Return only: value, unit, observation year, source organisation, exact publication title, URL, and whether the series is DIRECT or PROXY for this definition. If you cannot find a cited official figure, say MISSING and name the steward who should hold it. Do not invent a number."
1.8,Farmers using climate-smart/sustainable practices (%),C0,Agricultural context & need,Context,no,rubric,Context profile (not aggregated),agricultural,2,2024–2026,Farmers using climate-smart/sustainable practices (%). Method: Context profile (not aggregated).,National statistical office or line ministry publication,No international substitute — documentary lead only,Line ministry / statistics office,named-gap,,CSA practice survey,,no,Climate-smart practice adoption is a local survey item.,missing,,,,,E,0,,,,,,,,"Egypt — 1.8 Farmers using climate-smart/sustainable practices (%). Definition: Farmers using climate-smart/sustainable practices (%). Method: Context profile (not aggregated). Required cut: agricultural. Preferred years 2024–2026. Try national first (National statistical office or line ministry publication), then No international substitute — documentary lead only. Return only: value, unit, observation year, source organisation, exact publication title, URL, and whether the series is DIRECT or PROXY for this definition. If you cannot find a cited official figure, say MISSING and name the steward who should hold it. Do not invent a number."
1.9,National innovation/extension programs with digital component,C4,Human & institutional capacity,Capability,no,rubric,Anchored capability rubric,agricultural,2,2024–2026,National innovation/extension programs with digital component. Method: Anchored capability rubric.,National statistical office or line ministry publication,No international substitute — documentary lead only,Line ministry / statistics office,named-gap,,Programme documentation,,no,Anchored rubric — panel scoring against documentary evidence.,missing,,,,,E,0,,,,,,,,"Egypt — 1.9 National innovation/extension programs with digital component. Definition: National innovation/extension programs with digital component. Method: Anchored capability rubric. Required cut: agricultural. Preferred years 2024–2026. Try national first (National statistical office or line ministry publication), then No international substitute — documentary lead only. Return only: value, unit, observation year, source organisation, exact publication title, URL, and whether the series is DIRECT or PROXY for this definition. If you cannot find a cited official figure, say MISSING and name the steward who should hold it. Do not invent a number."
2.1,Rural population covered by at least 3G (%),C1,Connectivity & affordable access,Capability,yes,quantitative,Quantitative threshold,rural,3,2023–2026,Share of the rural population living in an area with at least 3G mobile coverage.,"National telecom regulator coverage maps / NTRA, MCIT or equivalent statistical yearbook","ITU DataHub MOB_COV_3G via World Bank Data360 (national, proxy)",Telecom regulator / ITU,data360,MOB_COV_3G,"ITU DataHub — population covered by at least 3G (national, via World Bank Data360)",https://data360.worldbank.org/en/dataset/ITU_DH,yes,Proxy: national 3G population coverage. DAMM asks for rural coverage. Replace with a rural-filtered ITU/GSMA reading when the regulator publishes one.,proxy,99.8,2024,"ITU DataHub — population covered by at least 3G (national, via World Bank Data360)",https://data360.worldbank.org/en/dataset/ITU_DH,B,73,,,,,,,,"Egypt — 2.1 Rural population covered by at least 3G (%). Definition: Share of the rural population living in an area with at least 3G mobile coverage. Required cut: rural. Preferred years 2023–2026. Try national first (National telecom regulator coverage maps / NTRA, MCIT or equivalent statistical yearbook), then ITU DataHub MOB_COV_3G via World Bank Data360 (national, proxy). Return only: value, unit, observation year, source organisation, exact publication title, URL, and whether the series is DIRECT or PROXY for this definition. If you cannot find a cited official figure, say MISSING and name the steward who should hold it. Do not invent a number."
2.2,Rural population covered by at least 4G (%),C1,Connectivity & affordable access,Capability,no,quantitative,Quantitative threshold,rural,3,2023–2026,Rural population covered by at least 4G (%). Method: Quantitative threshold.,National statistical office series that matches the international definition,World Bank / UN / ITU official statistical system,Statistics office / international statistical system,data360,MOB_COV_4G,"ITU DataHub — population covered by at least 4G (national, via World Bank Data360)",https://data360.worldbank.org/en/dataset/ITU_DH,yes,Proxy: national 4G population coverage. DAMM asks for rural coverage. Replace with a rural-filtered ITU/GSMA reading when the regulator publishes one.,proxy,98,2024,"ITU DataHub — population covered by at least 4G (national, via World Bank Data360)",https://data360.worldbank.org/en/dataset/ITU_DH,B,73,,,,,,,,"Egypt — 2.2 Rural population covered by at least 4G (%). Definition: Rural population covered by at least 4G (%). Method: Quantitative threshold. Required cut: rural. Preferred years 2023–2026. Try national first (National statistical office series that matches the international definition), then World Bank / UN / ITU official statistical system. Return only: value, unit, observation year, source organisation, exact publication title, URL, and whether the series is DIRECT or PROXY for this definition. If you cannot find a cited official figure, say MISSING and name the steward who should hold it. Do not invent a number."
2.3,Active mobile broadband subscriptions per 100 inhabitants,C1,Connectivity & affordable access,Capability,no,quantitative,Quantitative threshold,national,3,2023–2026,Active mobile broadband subscriptions per 100 inhabitants. Method: Quantitative threshold.,National statistical office series that matches the international definition,World Bank / UN / ITU official statistical system,Statistics office / international statistical system,data360,ACT_MOB_SB,ITU DataHub — active mobile-broadband subscriptions per 100 inhabitants (via World Bank Data360),https://data360.worldbank.org/en/dataset/ITU_DH,no,,direct,72.28,2024,ITU DataHub — active mobile-broadband subscriptions per 100 inhabitants (via World Bank Data360),https://data360.worldbank.org/en/dataset/ITU_DH,A,96,,,,,,,,"Egypt — 2.3 Active mobile broadband subscriptions per 100 inhabitants. Definition: Active mobile broadband subscriptions per 100 inhabitants. Method: Quantitative threshold. Required cut: national. Preferred years 2023–2026. Try national first (National statistical office series that matches the international definition), then World Bank / UN / ITU official statistical system. Return only: value, unit, observation year, source organisation, exact publication title, URL, and whether the series is DIRECT or PROXY for this definition. If you cannot find a cited official figure, say MISSING and name the steward who should hold it. Do not invent a number."
2.4,Individuals using the Internet (% of population),C1,Connectivity & affordable access,Capability,no,quantitative,Quantitative threshold,national,3,2023–2026,Individuals using the Internet (% of population). Method: Quantitative threshold.,National statistical office series that matches the international definition,World Bank / UN / ITU official statistical system,Statistics office / international statistical system,worldbank,IT.NET.USER.ZS,World Bank WDI / ITU,https://data.worldbank.org/indicator/IT.NET.USER.ZS,no,,direct,74.65,2024,World Bank WDI / ITU,https://data.worldbank.org/indicator/IT.NET.USER.ZS,A,96,,,,,,,,"Egypt — 2.4 Individuals using the Internet (% of population). Definition: Individuals using the Internet (% of population). Method: Quantitative threshold. Required cut: national. Preferred years 2023–2026. Try national first (National statistical office series that matches the international definition), then World Bank / UN / ITU official statistical system. Return only: value, unit, observation year, source organisation, exact publication title, URL, and whether the series is DIRECT or PROXY for this definition. If you cannot find a cited official figure, say MISSING and name the steward who should hold it. Do not invent a number."
2.5,Mobile broadband basket price (% GNI per capita),C1,Connectivity & affordable access,Capability,yes,quantitative,Quantitative threshold,national,3,2023–2026,Price of a mobile-broadband basket as a percentage of GNI per capita. Lower is better.,National regulator published tariff basket / NSO ICT prices,ITU ICT price basket via World Bank Data360,Telecom regulator / ITU,data360,PRI_DO_MOB,"ITU ICT Price Basket — data-only mobile-broadband (% of GNI per capita, via World Bank Data360)",https://data360.worldbank.org/en/dataset/ITU_DH,no,,direct,1.58,2025,"ITU ICT Price Basket — data-only mobile-broadband (% of GNI per capita, via World Bank Data360)",https://data360.worldbank.org/en/dataset/ITU_DH,A,96,,,,,,,,"Egypt — 2.5 Mobile broadband basket price (% GNI per capita). Definition: Price of a mobile-broadband basket as a percentage of GNI per capita. Lower is better. Required cut: national. Preferred years 2023–2026. Try national first (National regulator published tariff basket / NSO ICT prices), then ITU ICT price basket via World Bank Data360. Return only: value, unit, observation year, source organisation, exact publication title, URL, and whether the series is DIRECT or PROXY for this definition. If you cannot find a cited official figure, say MISSING and name the steward who should hold it. Do not invent a number."
2.6,Adults with mobile phone (% age 15+),C1,Connectivity & affordable access,Capability,no,quantitative,Quantitative threshold,national,3,2023–2026,Adults with mobile phone (% age 15+). Method: Quantitative threshold.,National statistical office series that matches the international definition,World Bank / UN / ITU official statistical system,Statistics office / international statistical system,named-gap,,Global Findex / GSMA,https://www.worldbank.org/en/publication/globalfindex,no,Adults with a mobile phone. Findex Digital Connectivity Tracker or GSMA Intelligence — no stable public series code yet.,missing,,,,,E,0,,,,,,,,"Egypt — 2.6 Adults with mobile phone (% age 15+). Definition: Adults with mobile phone (% age 15+). Method: Quantitative threshold. Required cut: national. Preferred years 2023–2026. Try national first (National statistical office series that matches the international definition), then World Bank / UN / ITU official statistical system. Return only: value, unit, observation year, source organisation, exact publication title, URL, and whether the series is DIRECT or PROXY for this definition. If you cannot find a cited official figure, say MISSING and name the steward who should hold it. Do not invent a number."
2.7,Smartphone ownership among rural/agricultural population (%),C1,Connectivity & affordable access,Capability,no,quantitative,Quantitative threshold,rural-agricultural,2,2024–2026,Smartphone ownership among rural/agricultural population (%). Method: Quantitative threshold.,National statistical office or line ministry publication,World Bank / UN / ITU official statistical system,Line ministry / statistics office,named-gap,,Rural household / farmer survey,,no,Smartphone ownership among the rural/agricultural population is local.,missing,,,,,E,0,,,,,,,,"Egypt — 2.7 Smartphone ownership among rural/agricultural population (%). Definition: Smartphone ownership among rural/agricultural population (%). Method: Quantitative threshold. Required cut: rural-agricultural. Preferred years 2024–2026. Try national first (National statistical office or line ministry publication), then World Bank / UN / ITU official statistical system. Return only: value, unit, observation year, source organisation, exact publication title, URL, and whether the series is DIRECT or PROXY for this definition. If you cannot find a cited official figure, say MISSING and name the steward who should hold it. Do not invent a number."
2.8,Average mobile data cost in rural areas (USD per GB),C1,Connectivity & affordable access,Capability,no,quantitative,Quantitative threshold,rural,2,2024–2026,Average mobile data cost in rural areas (USD per GB). Method: Quantitative threshold.,National statistical office or line ministry publication,World Bank / UN / ITU official statistical system,Line ministry / statistics office,named-gap,,Rural tariff survey,,no,USD per GB in rural areas. Regulator or GSMA pricing.,missing,,,,,E,0,,,,,,,,"Egypt — 2.8 Average mobile data cost in rural areas (USD per GB). Definition: Average mobile data cost in rural areas (USD per GB). Method: Quantitative threshold. Required cut: rural. Preferred years 2024–2026. Try national first (National statistical office or line ministry publication), then World Bank / UN / ITU official statistical system. Return only: value, unit, observation year, source organisation, exact publication title, URL, and whether the series is DIRECT or PROXY for this definition. If you cannot find a cited official figure, say MISSING and name the steward who should hold it. Do not invent a number."
2.9,Electricity access in rural areas (%),C1,Connectivity & affordable access,Capability,yes,quantitative,Quantitative threshold,rural,2,2024–2026,Share of the rural population with access to electricity.,National statistical office / energy ministry rural access table,World Bank WDI EG.ELC.ACCS.RU.ZS,Statistics office / energy ministry,worldbank,EG.ELC.ACCS.RU.ZS,World Bank WDI,https://data.worldbank.org/indicator/EG.ELC.ACCS.RU.ZS,no,,direct,100,2024,World Bank WDI,https://data.worldbank.org/indicator/EG.ELC.ACCS.RU.ZS,A,96,,,,,,,,"Egypt — 2.9 Electricity access in rural areas (%). Definition: Share of the rural population with access to electricity. Required cut: rural. Preferred years 2024–2026. Try national first (National statistical office / energy ministry rural access table), then World Bank WDI EG.ELC.ACCS.RU.ZS. Return only: value, unit, observation year, source organisation, exact publication title, URL, and whether the series is DIRECT or PROXY for this definition. If you cannot find a cited official figure, say MISSING and name the steward who should hold it. Do not invent a number."
2.10,Average download speed in agricultural areas (Mbps),C1,Connectivity & affordable access,Capability,no,quantitative,Quantitative threshold,agricultural,2,2024–2026,Average download speed in agricultural areas (Mbps). Method: Quantitative threshold.,National statistical office or line ministry publication,World Bank / UN / ITU official statistical system,Line ministry / statistics office,named-gap,,Ookla / national QoS,,no,"Average download speed in agricultural areas. National QoS or crowd-sourced speed tests, rural filter.",missing,,,,,E,0,,,,,,,,"Egypt — 2.10 Average download speed in agricultural areas (Mbps). Definition: Average download speed in agricultural areas (Mbps). Method: Quantitative threshold. Required cut: agricultural. Preferred years 2024–2026. Try national first (National statistical office or line ministry publication), then World Bank / UN / ITU official statistical system. Return only: value, unit, observation year, source organisation, exact publication title, URL, and whether the series is DIRECT or PROXY for this definition. If you cannot find a cited official figure, say MISSING and name the steward who should hold it. Do not invent a number."
2.11,Device financing/subsidy schemes for farmers,C1,Connectivity & affordable access,Capability,no,rubric,Anchored capability rubric,agricultural,2,2024–2026,Device financing/subsidy schemes for farmers. Method: Anchored capability rubric.,National statistical office or line ministry publication,No international substitute — documentary lead only,Line ministry / statistics office,named-gap,,Device-financing programme files,,no,Anchored rubric — panel scoring.,missing,,,,,E,0,,,,,,,,"Egypt — 2.11 Device financing/subsidy schemes for farmers. Definition: Device financing/subsidy schemes for farmers. Method: Anchored capability rubric. Required cut: agricultural. Preferred years 2024–2026. Try national first (National statistical office or line ministry publication), then No international substitute — documentary lead only. Return only: value, unit, observation year, source organisation, exact publication title, URL, and whether the series is DIRECT or PROXY for this definition. If you cannot find a cited official figure, say MISSING and name the steward who should hold it. Do not invent a number."
3.1,UN E-Government Development Index (EGDI),C2,Data infrastructure & DPI,Capability,no,quantitative,Quantitative threshold,national,3,2023–2026,UN E-Government Development Index (EGDI). Method: Quantitative threshold.,National statistical office series that matches the international definition,World Bank / UN / ITU official statistical system,Statistics office / international statistical system,data360,UN_EGDI_EGDI,UN DESA E-Government Development Index (via World Bank Data360),https://data360.worldbank.org/en/dataset/UN_EGDI,no,,direct,0.67,2024,UN DESA E-Government Development Index (via World Bank Data360),https://data360.worldbank.org/en/dataset/UN_EGDI,A,96,,,,,,,,"Egypt — 3.1 UN E-Government Development Index (EGDI). Definition: UN E-Government Development Index (EGDI). Method: Quantitative threshold. Required cut: national. Preferred years 2023–2026. Try national first (National statistical office series that matches the international definition), then World Bank / UN / ITU official statistical system. Return only: value, unit, observation year, source organisation, exact publication title, URL, and whether the series is DIRECT or PROXY for this definition. If you cannot find a cited official figure, say MISSING and name the steward who should hold it. Do not invent a number."
3.2,Open Data Inventory (ODIN) score,C2,Data infrastructure & DPI,Capability,no,quantitative,Quantitative threshold,national,3,2023–2026,Open Data Inventory (ODIN) score. Method: Quantitative threshold.,National statistical office series that matches the international definition,World Bank / UN / ITU official statistical system,Statistics office / international statistical system,named-gap,,Open Data Watch ODIN,https://odin.opendatawatch.com/,no,ODIN score is published by Open Data Watch. No stable public API series yet.,missing,,,,,E,0,,,,,,,,"Egypt — 3.2 Open Data Inventory (ODIN) score. Definition: Open Data Inventory (ODIN) score. Method: Quantitative threshold. Required cut: national. Preferred years 2023–2026. Try national first (National statistical office series that matches the international definition), then World Bank / UN / ITU official statistical system. Return only: value, unit, observation year, source organisation, exact publication title, URL, and whether the series is DIRECT or PROXY for this definition. If you cannot find a cited official figure, say MISSING and name the steward who should hold it. Do not invent a number."
3.3,National farmer registry/database,C2,Data infrastructure & DPI,Capability,yes,rubric,Anchored capability rubric,agricultural,2,2024–2026,Existence and operational use of a national farmer registry or equivalent producer database.,"Ministry of agriculture farmer-registry decree, coverage report or census frame",No international substitute. Documentary lead only.,Ministry of Agriculture,named-gap,,Farmer registry documentation,,no,Core gate. Anchored rubric — panel scoring.,missing,,,,,E,0,,,,,,,,"Egypt — 3.3 National farmer registry/database. Definition: Existence and operational use of a national farmer registry or equivalent producer database. Required cut: agricultural. Preferred years 2024–2026. Try national first (Ministry of agriculture farmer-registry decree, coverage report or census frame), then No international substitute. Documentary lead only.. Return only: value, unit, observation year, source organisation, exact publication title, URL, and whether the series is DIRECT or PROXY for this definition. If you cannot find a cited official figure, say MISSING and name the steward who should hold it. Do not invent a number."
3.4,Digital land/plot registration system,C2,Data infrastructure & DPI,Capability,no,rubric,Anchored capability rubric,national,2,2024–2026,Digital land/plot registration system. Method: Anchored capability rubric.,National statistical office or line ministry publication,No international substitute — documentary lead only,Line ministry / statistics office,named-gap,,Land administration system,,no,Anchored rubric — panel scoring.,missing,,,,,E,0,,,,,,,,"Egypt — 3.4 Digital land/plot registration system. Definition: Digital land/plot registration system. Method: Anchored capability rubric. Required cut: national. Preferred years 2024–2026. Try national first (National statistical office or line ministry publication), then No international substitute — documentary lead only. Return only: value, unit, observation year, source organisation, exact publication title, URL, and whether the series is DIRECT or PROXY for this definition. If you cannot find a cited official figure, say MISSING and name the steward who should hold it. Do not invent a number."
3.5,National agricultural data portal / open data,C2,Data infrastructure & DPI,Capability,no,rubric,Anchored capability rubric,agricultural,2,2024–2026,National agricultural data portal / open data. Method: Anchored capability rubric.,National statistical office or line ministry publication,No international substitute — documentary lead only,Line ministry / statistics office,named-gap,,National agricultural data portal,,no,Anchored rubric — panel scoring.,missing,,,,,E,0,,,,,,,,"Egypt — 3.5 National agricultural data portal / open data. Definition: National agricultural data portal / open data. Method: Anchored capability rubric. Required cut: agricultural. Preferred years 2024–2026. Try national first (National statistical office or line ministry publication), then No international substitute — documentary lead only. Return only: value, unit, observation year, source organisation, exact publication title, URL, and whether the series is DIRECT or PROXY for this definition. If you cannot find a cited official figure, say MISSING and name the steward who should hold it. Do not invent a number."
3.6,Weather/climate data infrastructure for agriculture,C2,Data infrastructure & DPI,Capability,no,rubric,Anchored capability rubric,agricultural,2,2024–2026,Weather/climate data infrastructure for agriculture. Method: Anchored capability rubric.,National statistical office or line ministry publication,No international substitute — documentary lead only,Line ministry / statistics office,named-gap,,Hydromet / agriculture MoU and advisory logs,,no,Anchored rubric — climate-services chain.,missing,,,,,E,0,,,,,,,,"Egypt — 3.6 Weather/climate data infrastructure for agriculture. Definition: Weather/climate data infrastructure for agriculture. Method: Anchored capability rubric. Required cut: agricultural. Preferred years 2024–2026. Try national first (National statistical office or line ministry publication), then No international substitute — documentary lead only. Return only: value, unit, observation year, source organisation, exact publication title, URL, and whether the series is DIRECT or PROXY for this definition. If you cannot find a cited official figure, say MISSING and name the steward who should hold it. Do not invent a number."
3.7,Satellite/earth observation data integration capability,C2,Data infrastructure & DPI,Capability,no,rubric,Anchored capability rubric,national,2,2024–2026,Satellite/earth observation data integration capability. Method: Anchored capability rubric.,National statistical office or line ministry publication,No international substitute — documentary lead only,Line ministry / statistics office,named-gap,,EO programme files,,no,Anchored rubric — panel scoring.,missing,,,,,E,0,,,,,,,,"Egypt — 3.7 Satellite/earth observation data integration capability. Definition: Satellite/earth observation data integration capability. Method: Anchored capability rubric. Required cut: national. Preferred years 2024–2026. Try national first (National statistical office or line ministry publication), then No international substitute — documentary lead only. Return only: value, unit, observation year, source organisation, exact publication title, URL, and whether the series is DIRECT or PROXY for this definition. If you cannot find a cited official figure, say MISSING and name the steward who should hold it. Do not invent a number."
3.8,National soil map/database (digital),C2,Data infrastructure & DPI,Capability,no,rubric,Anchored capability rubric,national,2,2024–2026,National soil map/database (digital). Method: Anchored capability rubric.,National statistical office or line ministry publication,No international substitute — documentary lead only,Line ministry / statistics office,named-gap,,National soil information system,,no,Anchored rubric — panel scoring.,missing,,,,,E,0,,,,,,,,"Egypt — 3.8 National soil map/database (digital). Definition: National soil map/database (digital). Method: Anchored capability rubric. Required cut: national. Preferred years 2024–2026. Try national first (National statistical office or line ministry publication), then No international substitute — documentary lead only. Return only: value, unit, observation year, source organisation, exact publication title, URL, and whether the series is DIRECT or PROXY for this definition. If you cannot find a cited official figure, say MISSING and name the steward who should hold it. Do not invent a number."
3.9,"Digital advisory platforms reaching >10,000 users",C2,Data infrastructure & DPI,Capability,no,quantitative,Quantitative threshold,national,2,2024–2026,"Digital advisory platforms reaching >10,000 users. Method: Quantitative threshold.",National statistical office or line ministry publication,World Bank / UN / ITU official statistical system,Line ministry / statistics office,named-gap,,Advisory platform user statistics,,no,Share of platforms / reach metric as defined in the workbook.,missing,,,,,E,0,,,,,,,,"Egypt — 3.9 Digital advisory platforms reaching >10,000 users. Definition: Digital advisory platforms reaching >10,000 users. Method: Quantitative threshold. Required cut: national. Preferred years 2024–2026. Try national first (National statistical office or line ministry publication), then World Bank / UN / ITU official statistical system. Return only: value, unit, observation year, source organisation, exact publication title, URL, and whether the series is DIRECT or PROXY for this definition. If you cannot find a cited official figure, say MISSING and name the steward who should hold it. Do not invent a number."
3.10,"Digital agricultural market/e-commerce platforms (>5,000 active users)",C2,Data infrastructure & DPI,Capability,no,rubric,Anchored capability rubric,agricultural,2,2024–2026,"Digital agricultural market/e-commerce platforms (>5,000 active users). Method: Anchored capability rubric.",National statistical office or line ministry publication,No international substitute — documentary lead only,Line ministry / statistics office,named-gap,,Market-platform documentation,,no,Anchored rubric — panel scoring.,missing,,,,,E,0,,,,,,,,"Egypt — 3.10 Digital agricultural market/e-commerce platforms (>5,000 active users). Definition: Digital agricultural market/e-commerce platforms (>5,000 active users). Method: Anchored capability rubric. Required cut: agricultural. Preferred years 2024–2026. Try national first (National statistical office or line ministry publication), then No international substitute — documentary lead only. Return only: value, unit, observation year, source organisation, exact publication title, URL, and whether the series is DIRECT or PROXY for this definition. If you cannot find a cited official figure, say MISSING and name the steward who should hold it. Do not invent a number."
3.11,Interoperability standards for agricultural data,C2,Data infrastructure & DPI,Capability,yes,rubric,Anchored capability rubric,agricultural,2,2024–2026,Published interoperability standards or a data-exchange framework for agricultural data.,Agriculture ministry / digital authority interoperability notice or API standard,No scored international substitute. Documentary lead only.,Digital authority / Ministry of Agriculture,named-gap,,Interoperability standard / gazette,,no,Core gate. Anchored rubric — panel scoring.,missing,,,,,E,0,,,,,,,,"Egypt — 3.11 Interoperability standards for agricultural data. Definition: Published interoperability standards or a data-exchange framework for agricultural data. Required cut: agricultural. Preferred years 2024–2026. Try national first (Agriculture ministry / digital authority interoperability notice or API standard), then No scored international substitute. Documentary lead only.. Return only: value, unit, observation year, source organisation, exact publication title, URL, and whether the series is DIRECT or PROXY for this definition. If you cannot find a cited official figure, say MISSING and name the steward who should hold it. Do not invent a number."
3.12,AI-ready agricultural datasets,C2,Data infrastructure & DPI,Capability,no,rubric,Anchored capability rubric,agricultural,2,2024–2026,AI-ready agricultural datasets. Method: Anchored capability rubric.,National statistical office or line ministry publication,No international substitute — documentary lead only,Line ministry / statistics office,named-gap,,Dataset catalogue,,no,Anchored rubric — panel scoring.,missing,,,,,E,0,,,,,,,,"Egypt — 3.12 AI-ready agricultural datasets. Definition: AI-ready agricultural datasets. Method: Anchored capability rubric. Required cut: agricultural. Preferred years 2024–2026. Try national first (National statistical office or line ministry publication), then No international substitute — documentary lead only. Return only: value, unit, observation year, source organisation, exact publication title, URL, and whether the series is DIRECT or PROXY for this definition. If you cannot find a cited official figure, say MISSING and name the steward who should hold it. Do not invent a number."
4.1,Data protection/privacy law,C3,"Policy, governance & safeguards",Capability,yes,rubric,Anchored capability rubric,national,3,2023–2026,"A data-protection or privacy law that is in force and applies to personal data, including farmer data.",Official gazette / data-protection authority,UNCTAD data-protection law listing (presence only),Data-protection authority,named-gap,,National gazette / UNCTAD data-protection tracker,https://unctad.org/page/data-protection-and-privacy-legislation-worldwide,no,"Core gate. Anchored rubric on the law and its operation, not a binary exists/not.",missing,,,,,E,0,,,,,,,,"Egypt — 4.1 Data protection/privacy law. Definition: A data-protection or privacy law that is in force and applies to personal data, including farmer data. Required cut: national. Preferred years 2023–2026. Try national first (Official gazette / data-protection authority), then UNCTAD data-protection law listing (presence only). Return only: value, unit, observation year, source organisation, exact publication title, URL, and whether the series is DIRECT or PROXY for this definition. If you cannot find a cited official figure, say MISSING and name the steward who should hold it. Do not invent a number."
4.2,Cybersecurity legal framework (ITU GCI),C3,"Policy, governance & safeguards",Capability,yes,quantitative,Quantitative threshold,national,3,2023–2026,"Strength of the national cybersecurity legal and institutional framework, as scored by the ITU Global Cybersecurity Index.","National cybersecurity agency published GCI self-assessment, if any",ITU Global Cybersecurity Index via World Bank Data360,Cybersecurity agency / ITU,data360,ITU_GCI_GCI_OVRL_SCRE,ITU Global Cybersecurity Index overall score (via World Bank Data360),https://data360.worldbank.org/en/dataset/ITU_GCI,no,,direct,1,2024,ITU Global Cybersecurity Index overall score (via World Bank Data360),https://data360.worldbank.org/en/dataset/ITU_GCI,A,96,,,,,,,,"Egypt — 4.2 Cybersecurity legal framework (ITU GCI). Definition: Strength of the national cybersecurity legal and institutional framework, as scored by the ITU Global Cybersecurity Index. Required cut: national. Preferred years 2023–2026. Try national first (National cybersecurity agency published GCI self-assessment, if any), then ITU Global Cybersecurity Index via World Bank Data360. Return only: value, unit, observation year, source organisation, exact publication title, URL, and whether the series is DIRECT or PROXY for this definition. If you cannot find a cited official figure, say MISSING and name the steward who should hold it. Do not invent a number."
4.3,Government AI Readiness Index,C3,"Policy, governance & safeguards",Capability,no,quantitative,Quantitative threshold,national,3,2023–2026,Government AI Readiness Index. Method: Quantitative threshold.,National statistical office series that matches the international definition,World Bank / UN / ITU official statistical system,Statistics office / international statistical system,named-gap,,Oxford Insights Government AI Readiness Index,https://oxfordinsights.com/ai-readiness/ai-readiness-index/,no,Government AI Readiness Index. No stable public API series.,missing,,,,,E,0,,,,,,,,"Egypt — 4.3 Government AI Readiness Index. Definition: Government AI Readiness Index. Method: Quantitative threshold. Required cut: national. Preferred years 2023–2026. Try national first (National statistical office series that matches the international definition), then World Bank / UN / ITU official statistical system. Return only: value, unit, observation year, source organisation, exact publication title, URL, and whether the series is DIRECT or PROXY for this definition. If you cannot find a cited official figure, say MISSING and name the steward who should hold it. Do not invent a number."
4.4,National digital agriculture strategy,C3,"Policy, governance & safeguards",Capability,no,rubric,Anchored capability rubric,agricultural,2,2024–2026,National digital agriculture strategy. Method: Anchored capability rubric.,National statistical office or line ministry publication,No international substitute — documentary lead only,Line ministry / statistics office,named-gap,,National digital agriculture strategy,,no,Anchored rubric — panel scoring.,missing,,,,,E,0,,,,,,,,"Egypt — 4.4 National digital agriculture strategy. Definition: National digital agriculture strategy. Method: Anchored capability rubric. Required cut: agricultural. Preferred years 2024–2026. Try national first (National statistical office or line ministry publication), then No international substitute — documentary lead only. Return only: value, unit, observation year, source organisation, exact publication title, URL, and whether the series is DIRECT or PROXY for this definition. If you cannot find a cited official figure, say MISSING and name the steward who should hold it. Do not invent a number."
4.5,Agricultural data governance framework,C3,"Policy, governance & safeguards",Capability,yes,rubric,Anchored capability rubric,agricultural,2,2024–2026,"A documented agricultural data-governance framework (roles, access, sharing, stewardship).",Ministry of agriculture or statistics office data-governance circular,No scored international substitute.,Ministry of Agriculture / statistics office,named-gap,,Agricultural data-governance instrument,,no,Core gate. Anchored rubric — panel scoring.,missing,,,,,E,0,,,,,,,,"Egypt — 4.5 Agricultural data governance framework. Definition: A documented agricultural data-governance framework (roles, access, sharing, stewardship). Required cut: agricultural. Preferred years 2024–2026. Try national first (Ministry of agriculture or statistics office data-governance circular), then No scored international substitute.. Return only: value, unit, observation year, source organisation, exact publication title, URL, and whether the series is DIRECT or PROXY for this definition. If you cannot find a cited official figure, say MISSING and name the steward who should hold it. Do not invent a number."
4.6,National AI strategy with agriculture component,C3,"Policy, governance & safeguards",Capability,no,rubric,Anchored capability rubric,agricultural,2,2024–2026,National AI strategy with agriculture component. Method: Anchored capability rubric.,National statistical office or line ministry publication,No international substitute — documentary lead only,Line ministry / statistics office,named-gap,,National AI strategy,,no,Anchored rubric — panel scoring.,missing,,,,,E,0,,,,,,,,"Egypt — 4.6 National AI strategy with agriculture component. Definition: National AI strategy with agriculture component. Method: Anchored capability rubric. Required cut: agricultural. Preferred years 2024–2026. Try national first (National statistical office or line ministry publication), then No international substitute — documentary lead only. Return only: value, unit, observation year, source organisation, exact publication title, URL, and whether the series is DIRECT or PROXY for this definition. If you cannot find a cited official figure, say MISSING and name the steward who should hold it. Do not invent a number."
4.7,Digital ID system coverage (% of population),C3,"Policy, governance & safeguards",Capability,no,quantitative,Quantitative threshold,national,2,2024–2026,Digital ID system coverage (% of population). Method: Quantitative threshold.,National statistical office or line ministry publication,World Bank / UN / ITU official statistical system,Line ministry / statistics office,data360,E_ID,World Bank ID4D — digital ID (e-ID) coverage,https://id4d.worldbank.org/global-dataset,no,,missing,,,,,E,0,,,,,,,,"Egypt — 4.7 Digital ID system coverage (% of population). Definition: Digital ID system coverage (% of population). Method: Quantitative threshold. Required cut: national. Preferred years 2024–2026. Try national first (National statistical office or line ministry publication), then World Bank / UN / ITU official statistical system. Return only: value, unit, observation year, source organisation, exact publication title, URL, and whether the series is DIRECT or PROXY for this definition. If you cannot find a cited official figure, say MISSING and name the steward who should hold it. Do not invent a number."
4.8,Data sovereignty provisions for agricultural data,C3,"Policy, governance & safeguards",Capability,no,rubric,Anchored capability rubric,agricultural,2,2024–2026,Data sovereignty provisions for agricultural data. Method: Anchored capability rubric.,National statistical office or line ministry publication,No international substitute — documentary lead only,Line ministry / statistics office,named-gap,,Data-sovereignty provisions,,no,Anchored rubric — panel scoring.,missing,,,,,E,0,,,,,,,,"Egypt — 4.8 Data sovereignty provisions for agricultural data. Definition: Data sovereignty provisions for agricultural data. Method: Anchored capability rubric. Required cut: agricultural. Preferred years 2024–2026. Try national first (National statistical office or line ministry publication), then No international substitute — documentary lead only. Return only: value, unit, observation year, source organisation, exact publication title, URL, and whether the series is DIRECT or PROXY for this definition. If you cannot find a cited official figure, say MISSING and name the steward who should hold it. Do not invent a number."
4.9,Inter-ministerial coordination mechanism for digital agriculture,C3,"Policy, governance & safeguards",Capability,yes,rubric,Anchored capability rubric,agricultural,2,2024–2026,A standing inter-ministerial coordination mechanism whose mandate includes digital agriculture.,"Cabinet decree, ToR or minutes of the digital-agriculture steering body",No scored international substitute.,Cabinet / digital authority,named-gap,,Inter-ministerial ToR / minutes,,no,Core gate. Anchored rubric — panel scoring.,missing,,,,,E,0,,,,,,,,"Egypt — 4.9 Inter-ministerial coordination mechanism for digital agriculture. Definition: A standing inter-ministerial coordination mechanism whose mandate includes digital agriculture. Required cut: agricultural. Preferred years 2024–2026. Try national first (Cabinet decree, ToR or minutes of the digital-agriculture steering body), then No scored international substitute.. Return only: value, unit, observation year, source organisation, exact publication title, URL, and whether the series is DIRECT or PROXY for this definition. If you cannot find a cited official figure, say MISSING and name the steward who should hold it. Do not invent a number."
4.10,Competition/antitrust framework for digital agricultural markets,C3,"Policy, governance & safeguards",Capability,no,rubric,Anchored capability rubric,agricultural,2,2024–2026,Competition/antitrust framework for digital agricultural markets. Method: Anchored capability rubric.,National statistical office or line ministry publication,No international substitute — documentary lead only,Line ministry / statistics office,named-gap,,Competition authority files,,no,Anchored rubric — panel scoring.,missing,,,,,E,0,,,,,,,,"Egypt — 4.10 Competition/antitrust framework for digital agricultural markets. Definition: Competition/antitrust framework for digital agricultural markets. Method: Anchored capability rubric. Required cut: agricultural. Preferred years 2024–2026. Try national first (National statistical office or line ministry publication), then No international substitute — documentary lead only. Return only: value, unit, observation year, source organisation, exact publication title, URL, and whether the series is DIRECT or PROXY for this definition. If you cannot find a cited official figure, say MISSING and name the steward who should hold it. Do not invent a number."
4.11,Public procurement rules enabling digital agriculture innovation,C3,"Policy, governance & safeguards",Capability,no,rubric,Anchored capability rubric,agricultural,2,2024–2026,Public procurement rules enabling digital agriculture innovation. Method: Anchored capability rubric.,National statistical office or line ministry publication,No international substitute — documentary lead only,Line ministry / statistics office,named-gap,,Public-procurement rules,,no,Anchored rubric — panel scoring.,missing,,,,,E,0,,,,,,,,"Egypt — 4.11 Public procurement rules enabling digital agriculture innovation. Definition: Public procurement rules enabling digital agriculture innovation. Method: Anchored capability rubric. Required cut: agricultural. Preferred years 2024–2026. Try national first (National statistical office or line ministry publication), then No international substitute — documentary lead only. Return only: value, unit, observation year, source organisation, exact publication title, URL, and whether the series is DIRECT or PROXY for this definition. If you cannot find a cited official figure, say MISSING and name the steward who should hold it. Do not invent a number."
4.12,Spectrum allocation for rural/agricultural IoT,C3,"Policy, governance & safeguards",Capability,no,rubric,Anchored capability rubric,rural-agricultural,2,2024–2026,Spectrum allocation for rural/agricultural IoT. Method: Anchored capability rubric.,National statistical office or line ministry publication,No international substitute — documentary lead only,Line ministry / statistics office,named-gap,,Spectrum plan,,no,Anchored rubric — panel scoring.,missing,,,,,E,0,,,,,,,,"Egypt — 4.12 Spectrum allocation for rural/agricultural IoT. Definition: Spectrum allocation for rural/agricultural IoT. Method: Anchored capability rubric. Required cut: rural-agricultural. Preferred years 2024–2026. Try national first (National statistical office or line ministry publication), then No international substitute — documentary lead only. Return only: value, unit, observation year, source organisation, exact publication title, URL, and whether the series is DIRECT or PROXY for this definition. If you cannot find a cited official figure, say MISSING and name the steward who should hold it. Do not invent a number."
4.13,Responsible AI principles/guidelines for agriculture,C3,"Policy, governance & safeguards",Capability,no,rubric,Anchored capability rubric,agricultural,2,2024–2026,Responsible AI principles/guidelines for agriculture. Method: Anchored capability rubric.,National statistical office or line ministry publication,No international substitute — documentary lead only,Line ministry / statistics office,named-gap,,Responsible-AI guidance,,no,Anchored rubric — panel scoring.,missing,,,,,E,0,,,,,,,,"Egypt — 4.13 Responsible AI principles/guidelines for agriculture. Definition: Responsible AI principles/guidelines for agriculture. Method: Anchored capability rubric. Required cut: agricultural. Preferred years 2024–2026. Try national first (National statistical office or line ministry publication), then No international substitute — documentary lead only. Return only: value, unit, observation year, source organisation, exact publication title, URL, and whether the series is DIRECT or PROXY for this definition. If you cannot find a cited official figure, say MISSING and name the steward who should hold it. Do not invent a number."
5.1,Mean years of schooling (adults 25+),C4,Human & institutional capacity,Capability,no,quantitative,Quantitative threshold,national,3,2023–2026,Mean years of schooling (adults 25+). Method: Quantitative threshold.,National statistical office series that matches the international definition,World Bank / UN / ITU official statistical system,Statistics office / international statistical system,worldbank,BAR.SCHL.15UP,World Bank Education Statistics — Barro-Lee average years of schooling (age 15+),https://data.worldbank.org/indicator/BAR.SCHL.15UP,yes,"Proxy: Barro-Lee average years of total schooling, age 15+. Authoritative replacement is UNDP HDR mean years of schooling (adults 25+).",proxy,7.15,2010,World Bank Education Statistics — Barro-Lee average years of schooling (age 15+),https://data.worldbank.org/indicator/BAR.SCHL.15UP,C,63,,,,,,,,"Egypt — 5.1 Mean years of schooling (adults 25+). Definition: Mean years of schooling (adults 25+). Method: Quantitative threshold. Required cut: national. Preferred years 2023–2026. Try national first (National statistical office series that matches the international definition), then World Bank / UN / ITU official statistical system. Return only: value, unit, observation year, source organisation, exact publication title, URL, and whether the series is DIRECT or PROXY for this definition. If you cannot find a cited official figure, say MISSING and name the steward who should hold it. Do not invent a number."
5.2,Adult literacy rate (% age 15+),C4,Human & institutional capacity,Capability,no,quantitative,Quantitative threshold,national,3,2023–2026,Adult literacy rate (% age 15+). Method: Quantitative threshold.,National statistical office series that matches the international definition,World Bank / UN / ITU official statistical system,Statistics office / international statistical system,worldbank,SE.ADT.LITR.ZS,World Bank WDI / UNESCO UIS,https://data.worldbank.org/indicator/SE.ADT.LITR.ZS,no,,direct,79.45,2022,World Bank WDI / UNESCO UIS,https://data.worldbank.org/indicator/SE.ADT.LITR.ZS,A,86,,,,,,,,"Egypt — 5.2 Adult literacy rate (% age 15+). Definition: Adult literacy rate (% age 15+). Method: Quantitative threshold. Required cut: national. Preferred years 2023–2026. Try national first (National statistical office series that matches the international definition), then World Bank / UN / ITU official statistical system. Return only: value, unit, observation year, source organisation, exact publication title, URL, and whether the series is DIRECT or PROXY for this definition. If you cannot find a cited official figure, say MISSING and name the steward who should hold it. Do not invent a number."
5.3,Tertiary enrollment in STEM fields (% gross),C4,Human & institutional capacity,Capability,no,quantitative,Quantitative threshold,national,3,2023–2026,Tertiary enrollment in STEM fields (% gross). Method: Quantitative threshold.,National statistical office series that matches the international definition,World Bank / UN / ITU official statistical system,Statistics office / international statistical system,data360,UNESCO_UIS_GRAD_STEM,UNESCO UIS — STEM share of tertiary graduates (via World Bank Data360),https://data360.worldbank.org/en/dataset/UNESCO_UIS,yes,"Proxy: STEM share of graduates, not STEM enrolment. Closer to the DAMM construct than all-fields tertiary enrolment.",proxy,18.58,2023,UNESCO UIS — STEM share of tertiary graduates (via World Bank Data360),https://data360.worldbank.org/en/dataset/UNESCO_UIS,B,83,,,,,,,,"Egypt — 5.3 Tertiary enrollment in STEM fields (% gross). Definition: Tertiary enrollment in STEM fields (% gross). Method: Quantitative threshold. Required cut: national. Preferred years 2023–2026. Try national first (National statistical office series that matches the international definition), then World Bank / UN / ITU official statistical system. Return only: value, unit, observation year, source organisation, exact publication title, URL, and whether the series is DIRECT or PROXY for this definition. If you cannot find a cited official figure, say MISSING and name the steward who should hold it. Do not invent a number."
5.4,Digital literacy among farmers (%),C4,Human & institutional capacity,Capability,no,quantitative,Quantitative threshold,agricultural,2,2024–2026,Digital literacy among farmers (%). Method: Quantitative threshold.,National statistical office or line ministry publication,World Bank / UN / ITU official statistical system,Line ministry / statistics office,named-gap,,Farmer digital-literacy survey,,no,Local survey.,missing,,,,,E,0,,,,,,,,"Egypt — 5.4 Digital literacy among farmers (%). Definition: Digital literacy among farmers (%). Method: Quantitative threshold. Required cut: agricultural. Preferred years 2024–2026. Try national first (National statistical office or line ministry publication), then World Bank / UN / ITU official statistical system. Return only: value, unit, observation year, source organisation, exact publication title, URL, and whether the series is DIRECT or PROXY for this definition. If you cannot find a cited official figure, say MISSING and name the steward who should hold it. Do not invent a number."
5.5,Extension workers trained in digital tools (%),C4,Human & institutional capacity,Capability,yes,quantitative,Quantitative threshold,agricultural,2,2024–2026,"Share of public extension workers who have received training in digital tools, in the last max-age window.",Ministry of agriculture extension directorate training returns,No comparable global series. FAO / GFRAS notes are leads only.,Ministry of Agriculture extension directorate,named-gap,,Extension workforce records,,no,Core gate. Share of extension workers trained in digital tools.,missing,,,,,E,0,,,,,,,,"Egypt — 5.5 Extension workers trained in digital tools (%). Definition: Share of public extension workers who have received training in digital tools, in the last max-age window. Required cut: agricultural. Preferred years 2024–2026. Try national first (Ministry of agriculture extension directorate training returns), then No comparable global series. FAO / GFRAS notes are leads only.. Return only: value, unit, observation year, source organisation, exact publication title, URL, and whether the series is DIRECT or PROXY for this definition. If you cannot find a cited official figure, say MISSING and name the steward who should hold it. Do not invent a number."
5.6,Farmer-to-digital-extension-worker ratio,C4,Human & institutional capacity,Capability,no,rubric,Anchored capability rubric,agricultural,2,2024–2026,Farmer-to-digital-extension-worker ratio. Method: Anchored capability rubric.,National statistical office or line ministry publication,No international substitute — documentary lead only,Line ministry / statistics office,named-gap,,Extension workforce records,,no,Anchored rubric — farmer-to-digital-extension-worker ratio.,missing,,,,,E,0,,,,,,,,"Egypt — 5.6 Farmer-to-digital-extension-worker ratio. Definition: Farmer-to-digital-extension-worker ratio. Method: Anchored capability rubric. Required cut: agricultural. Preferred years 2024–2026. Try national first (National statistical office or line ministry publication), then No international substitute — documentary lead only. Return only: value, unit, observation year, source organisation, exact publication title, URL, and whether the series is DIRECT or PROXY for this definition. If you cannot find a cited official figure, say MISSING and name the steward who should hold it. Do not invent a number."
5.7,Dedicated digital/AI units in Ministry of Agriculture,C4,Human & institutional capacity,Capability,yes,rubric,Anchored capability rubric,agricultural,2,2024–2026,A dedicated digital or AI unit inside the ministry of agriculture (or a formally mandated equivalent).,"Ministerial organogram, establishment circular or budget line",No scored international substitute.,Ministry of Agriculture,named-gap,,Ministry organogram / budget,,no,Core gate. Anchored rubric — dedicated digital/AI unit.,missing,,,,,E,0,,,,,,,,"Egypt — 5.7 Dedicated digital/AI units in Ministry of Agriculture. Definition: A dedicated digital or AI unit inside the ministry of agriculture (or a formally mandated equivalent). Required cut: agricultural. Preferred years 2024–2026. Try national first (Ministerial organogram, establishment circular or budget line), then No scored international substitute.. Return only: value, unit, observation year, source organisation, exact publication title, URL, and whether the series is DIRECT or PROXY for this definition. If you cannot find a cited official figure, say MISSING and name the steward who should hold it. Do not invent a number."
5.8,University programs in agtech/digital agriculture,C4,Human & institutional capacity,Capability,no,rubric,Anchored capability rubric,agricultural,2,2024–2026,University programs in agtech/digital agriculture. Method: Anchored capability rubric.,National statistical office or line ministry publication,No international substitute — documentary lead only,Line ministry / statistics office,named-gap,,University programme catalogue,,no,Anchored rubric — panel scoring.,missing,,,,,E,0,,,,,,,,"Egypt — 5.8 University programs in agtech/digital agriculture. Definition: University programs in agtech/digital agriculture. Method: Anchored capability rubric. Required cut: agricultural. Preferred years 2024–2026. Try national first (National statistical office or line ministry publication), then No international substitute — documentary lead only. Return only: value, unit, observation year, source organisation, exact publication title, URL, and whether the series is DIRECT or PROXY for this definition. If you cannot find a cited official figure, say MISSING and name the steward who should hold it. Do not invent a number."
5.9,Data science/AI training programs for agriculture,C4,Human & institutional capacity,Capability,no,rubric,Anchored capability rubric,agricultural,2,2024–2026,Data science/AI training programs for agriculture. Method: Anchored capability rubric.,National statistical office or line ministry publication,No international substitute — documentary lead only,Line ministry / statistics office,named-gap,,Training-programme files,,no,Anchored rubric — panel scoring.,missing,,,,,E,0,,,,,,,,"Egypt — 5.9 Data science/AI training programs for agriculture. Definition: Data science/AI training programs for agriculture. Method: Anchored capability rubric. Required cut: agricultural. Preferred years 2024–2026. Try national first (National statistical office or line ministry publication), then No international substitute — documentary lead only. Return only: value, unit, observation year, source organisation, exact publication title, URL, and whether the series is DIRECT or PROXY for this definition. If you cannot find a cited official figure, say MISSING and name the steward who should hold it. Do not invent a number."
5.10,Digital skills training reach (% of farmer population per year),C4,Human & institutional capacity,Capability,no,quantitative,Quantitative threshold,agricultural,2,2024–2026,Digital skills training reach (% of farmer population per year). Method: Quantitative threshold.,National statistical office or line ministry publication,World Bank / UN / ITU official statistical system,Line ministry / statistics office,named-gap,,Training reach statistics,,no,Annual reach as % of farmer population.,missing,,,,,E,0,,,,,,,,"Egypt — 5.10 Digital skills training reach (% of farmer population per year). Definition: Digital skills training reach (% of farmer population per year). Method: Quantitative threshold. Required cut: agricultural. Preferred years 2024–2026. Try national first (National statistical office or line ministry publication), then World Bank / UN / ITU official statistical system. Return only: value, unit, observation year, source organisation, exact publication title, URL, and whether the series is DIRECT or PROXY for this definition. If you cannot find a cited official figure, say MISSING and name the steward who should hold it. Do not invent a number."
5.11,Institutional digital maturity of key agricultural agencies,C4,Human & institutional capacity,Capability,no,rubric,Anchored capability rubric,agricultural,2,2024–2026,Institutional digital maturity of key agricultural agencies. Method: Anchored capability rubric.,National statistical office or line ministry publication,No international substitute — documentary lead only,Line ministry / statistics office,named-gap,,Agency digital-maturity assessment,,no,Anchored rubric — panel scoring.,missing,,,,,E,0,,,,,,,,"Egypt — 5.11 Institutional digital maturity of key agricultural agencies. Definition: Institutional digital maturity of key agricultural agencies. Method: Anchored capability rubric. Required cut: agricultural. Preferred years 2024–2026. Try national first (National statistical office or line ministry publication), then No international substitute — documentary lead only. Return only: value, unit, observation year, source organisation, exact publication title, URL, and whether the series is DIRECT or PROXY for this definition. If you cannot find a cited official figure, say MISSING and name the steward who should hold it. Do not invent a number."
5.12,Gender balance in digital agriculture workforce,C4,Human & institutional capacity,Capability,no,quantitative,Quantitative threshold,agricultural,2,2024–2026,Gender balance in digital agriculture workforce. Method: Quantitative threshold.,National statistical office or line ministry publication,World Bank / UN / ITU official statistical system,Line ministry / statistics office,named-gap,,Workforce gender statistics,,no,Gender balance in the digital-agriculture workforce.,missing,,,,,E,0,,,,,,,,"Egypt — 5.12 Gender balance in digital agriculture workforce. Definition: Gender balance in digital agriculture workforce. Method: Quantitative threshold. Required cut: agricultural. Preferred years 2024–2026. Try national first (National statistical office or line ministry publication), then World Bank / UN / ITU official statistical system. Return only: value, unit, observation year, source organisation, exact publication title, URL, and whether the series is DIRECT or PROXY for this definition. If you cannot find a cited official figure, say MISSING and name the steward who should hold it. Do not invent a number."
6.1,Global Innovation Index (GII) score,E1,Innovation & private sector,Ecosystem,no,quantitative,Quantitative threshold,national,3,2023–2026,Global Innovation Index (GII) score. Method: Quantitative threshold.,National statistical office series that matches the international definition,World Bank / UN / ITU official statistical system,Statistics office / international statistical system,named-gap,,WIPO Global Innovation Index,https://www.wipo.int/web-publications/global-innovation-index-2025/en/gii-2025-results.html,no,GII score is published by WIPO. No stable public API series in Data360 yet.,missing,,,,,E,0,,,,,,,,"Egypt — 6.1 Global Innovation Index (GII) score. Definition: Global Innovation Index (GII) score. Method: Quantitative threshold. Required cut: national. Preferred years 2023–2026. Try national first (National statistical office series that matches the international definition), then World Bank / UN / ITU official statistical system. Return only: value, unit, observation year, source organisation, exact publication title, URL, and whether the series is DIRECT or PROXY for this definition. If you cannot find a cited official figure, say MISSING and name the steward who should hold it. Do not invent a number."
6.2,R&D expenditure (% of GDP),E1,Innovation & private sector,Ecosystem,no,quantitative,Quantitative threshold,national,3,2023–2026,R&D expenditure (% of GDP). Method: Quantitative threshold.,National statistical office series that matches the international definition,World Bank / UN / ITU official statistical system,Statistics office / international statistical system,worldbank,GB.XPD.RSDV.GD.ZS,World Bank WDI / UNESCO,https://data.worldbank.org/indicator/GB.XPD.RSDV.GD.ZS,no,,direct,1.02,2024,World Bank WDI / UNESCO,https://data.worldbank.org/indicator/GB.XPD.RSDV.GD.ZS,A,96,,,,,,,,"Egypt — 6.2 R&D expenditure (% of GDP). Definition: R&D expenditure (% of GDP). Method: Quantitative threshold. Required cut: national. Preferred years 2023–2026. Try national first (National statistical office series that matches the international definition), then World Bank / UN / ITU official statistical system. Return only: value, unit, observation year, source organisation, exact publication title, URL, and whether the series is DIRECT or PROXY for this definition. If you cannot find a cited official figure, say MISSING and name the steward who should hold it. Do not invent a number."
6.3,Business Ready (B-READY) score,E1,Innovation & private sector,Ecosystem,no,quantitative,Quantitative threshold,national,3,2023–2026,Business Ready (B-READY) score. Method: Quantitative threshold.,National statistical office series that matches the international definition,World Bank / UN / ITU official statistical system,Statistics office / international statistical system,named-gap,,World Bank B-READY,https://www.worldbank.org/en/businessready,no,"Business Ready score. World Bank B-READY, not the retired Doing Business series. Data360 publishes pillar scores only — no overall score is invented.",missing,,,,,E,0,,,,,,,,"Egypt — 6.3 Business Ready (B-READY) score. Definition: Business Ready (B-READY) score. Method: Quantitative threshold. Required cut: national. Preferred years 2023–2026. Try national first (National statistical office series that matches the international definition), then World Bank / UN / ITU official statistical system. Return only: value, unit, observation year, source organisation, exact publication title, URL, and whether the series is DIRECT or PROXY for this definition. If you cannot find a cited official figure, say MISSING and name the steward who should hold it. Do not invent a number."
6.4,Active agtech startups/firms,E1,Innovation & private sector,Ecosystem,no,rubric,Anchored capability rubric,national,2,2024–2026,Active agtech startups/firms. Method: Anchored capability rubric.,National statistical office or line ministry publication,No international substitute — documentary lead only,Line ministry / statistics office,named-gap,,Agtech firm register,,no,Anchored rubric — panel scoring.,missing,,,,,E,0,,,,,,,,"Egypt — 6.4 Active agtech startups/firms. Definition: Active agtech startups/firms. Method: Anchored capability rubric. Required cut: national. Preferred years 2024–2026. Try national first (National statistical office or line ministry publication), then No international substitute — documentary lead only. Return only: value, unit, observation year, source organisation, exact publication title, URL, and whether the series is DIRECT or PROXY for this definition. If you cannot find a cited official figure, say MISSING and name the steward who should hold it. Do not invent a number."
6.5,Venture capital/investment in agtech (annual USD),E1,Innovation & private sector,Ecosystem,no,rubric,Anchored capability rubric,national,2,2024–2026,Venture capital/investment in agtech (annual USD). Method: Anchored capability rubric.,National statistical office or line ministry publication,No international substitute — documentary lead only,Line ministry / statistics office,named-gap,,Investment databases,,no,Anchored rubric — panel scoring.,missing,,,,,E,0,,,,,,,,"Egypt — 6.5 Venture capital/investment in agtech (annual USD). Definition: Venture capital/investment in agtech (annual USD). Method: Anchored capability rubric. Required cut: national. Preferred years 2024–2026. Try national first (National statistical office or line ministry publication), then No international substitute — documentary lead only. Return only: value, unit, observation year, source organisation, exact publication title, URL, and whether the series is DIRECT or PROXY for this definition. If you cannot find a cited official figure, say MISSING and name the steward who should hold it. Do not invent a number."
6.6,Agtech accelerators/incubators,E1,Innovation & private sector,Ecosystem,no,rubric,Anchored capability rubric,national,2,2024–2026,Agtech accelerators/incubators. Method: Anchored capability rubric.,National statistical office or line ministry publication,No international substitute — documentary lead only,Line ministry / statistics office,named-gap,,Accelerator landscape,,no,Anchored rubric — panel scoring.,missing,,,,,E,0,,,,,,,,"Egypt — 6.6 Agtech accelerators/incubators. Definition: Agtech accelerators/incubators. Method: Anchored capability rubric. Required cut: national. Preferred years 2024–2026. Try national first (National statistical office or line ministry publication), then No international substitute — documentary lead only. Return only: value, unit, observation year, source organisation, exact publication title, URL, and whether the series is DIRECT or PROXY for this definition. If you cannot find a cited official figure, say MISSING and name the steward who should hold it. Do not invent a number."
6.7,Agribusiness firms using AI/ML in operations (%),E1,Innovation & private sector,Ecosystem,no,quantitative,Quantitative threshold,national,2,2024–2026,Agribusiness firms using AI/ML in operations (%). Method: Quantitative threshold.,National statistical office or line ministry publication,World Bank / UN / ITU official statistical system,Line ministry / statistics office,named-gap,,Agribusiness survey,,no,Share of agribusiness firms using AI/ML.,missing,,,,,E,0,,,,,,,,"Egypt — 6.7 Agribusiness firms using AI/ML in operations (%). Definition: Agribusiness firms using AI/ML in operations (%). Method: Quantitative threshold. Required cut: national. Preferred years 2024–2026. Try national first (National statistical office or line ministry publication), then World Bank / UN / ITU official statistical system. Return only: value, unit, observation year, source organisation, exact publication title, URL, and whether the series is DIRECT or PROXY for this definition. If you cannot find a cited official figure, say MISSING and name the steward who should hold it. Do not invent a number."
6.8,Regulatory sandboxes for agtech/fintech,E1,Innovation & private sector,Ecosystem,no,rubric,Anchored capability rubric,national,2,2024–2026,Regulatory sandboxes for agtech/fintech. Method: Anchored capability rubric.,National statistical office or line ministry publication,No international substitute — documentary lead only,Line ministry / statistics office,named-gap,,Sandbox instrument,,no,Anchored rubric — panel scoring.,missing,,,,,E,0,,,,,,,,"Egypt — 6.8 Regulatory sandboxes for agtech/fintech. Definition: Regulatory sandboxes for agtech/fintech. Method: Anchored capability rubric. Required cut: national. Preferred years 2024–2026. Try national first (National statistical office or line ministry publication), then No international substitute — documentary lead only. Return only: value, unit, observation year, source organisation, exact publication title, URL, and whether the series is DIRECT or PROXY for this definition. If you cannot find a cited official figure, say MISSING and name the steward who should hold it. Do not invent a number."
6.9,Public-private partnerships in digital agriculture,E1,Innovation & private sector,Ecosystem,no,rubric,Anchored capability rubric,agricultural,2,2024–2026,Public-private partnerships in digital agriculture. Method: Anchored capability rubric.,National statistical office or line ministry publication,No international substitute — documentary lead only,Line ministry / statistics office,named-gap,,PPP register,,no,Anchored rubric — panel scoring.,missing,,,,,E,0,,,,,,,,"Egypt — 6.9 Public-private partnerships in digital agriculture. Definition: Public-private partnerships in digital agriculture. Method: Anchored capability rubric. Required cut: agricultural. Preferred years 2024–2026. Try national first (National statistical office or line ministry publication), then No international substitute — documentary lead only. Return only: value, unit, observation year, source organisation, exact publication title, URL, and whether the series is DIRECT or PROXY for this definition. If you cannot find a cited official figure, say MISSING and name the steward who should hold it. Do not invent a number."
6.10,Government grants/funding for agtech innovation (annual USD),E1,Innovation & private sector,Ecosystem,no,rubric,Anchored capability rubric,national,2,2024–2026,Government grants/funding for agtech innovation (annual USD). Method: Anchored capability rubric.,National statistical office or line ministry publication,No international substitute — documentary lead only,Line ministry / statistics office,named-gap,,Budget / grant records,,no,Anchored rubric — panel scoring.,missing,,,,,E,0,,,,,,,,"Egypt — 6.10 Government grants/funding for agtech innovation (annual USD). Definition: Government grants/funding for agtech innovation (annual USD). Method: Anchored capability rubric. Required cut: national. Preferred years 2024–2026. Try national first (National statistical office or line ministry publication), then No international substitute — documentary lead only. Return only: value, unit, observation year, source organisation, exact publication title, URL, and whether the series is DIRECT or PROXY for this definition. If you cannot find a cited official figure, say MISSING and name the steward who should hold it. Do not invent a number."
6.11,Digital financial services platforms for agriculture,E1,Innovation & private sector,Ecosystem,no,rubric,Anchored capability rubric,agricultural,2,2024–2026,Digital financial services platforms for agriculture. Method: Anchored capability rubric.,National statistical office or line ministry publication,No international substitute — documentary lead only,Line ministry / statistics office,named-gap,,DFS platform documentation,,no,Anchored rubric — panel scoring.,missing,,,,,E,0,,,,,,,,"Egypt — 6.11 Digital financial services platforms for agriculture. Definition: Digital financial services platforms for agriculture. Method: Anchored capability rubric. Required cut: agricultural. Preferred years 2024–2026. Try national first (National statistical office or line ministry publication), then No international substitute — documentary lead only. Return only: value, unit, observation year, source organisation, exact publication title, URL, and whether the series is DIRECT or PROXY for this definition. If you cannot find a cited official figure, say MISSING and name the steward who should hold it. Do not invent a number."
6.12,Digital public goods adopted in agriculture,E1,Innovation & private sector,Ecosystem,no,rubric,Anchored capability rubric,agricultural,2,2024–2026,Digital public goods adopted in agriculture. Method: Anchored capability rubric.,National statistical office or line ministry publication,No international substitute — documentary lead only,Line ministry / statistics office,named-gap,,DPG adoption record,,no,Anchored rubric — panel scoring.,missing,,,,,E,0,,,,,,,,"Egypt — 6.12 Digital public goods adopted in agriculture. Definition: Digital public goods adopted in agriculture. Method: Anchored capability rubric. Required cut: agricultural. Preferred years 2024–2026. Try national first (National statistical office or line ministry publication), then No international substitute — documentary lead only. Return only: value, unit, observation year, source organisation, exact publication title, URL, and whether the series is DIRECT or PROXY for this definition. If you cannot find a cited official figure, say MISSING and name the steward who should hold it. Do not invent a number."
6.13,SME access to digital agriculture tools/platforms (%),E1,Innovation & private sector,Ecosystem,no,quantitative,Quantitative threshold,agricultural,2,2024–2026,SME access to digital agriculture tools/platforms (%). Method: Quantitative threshold.,National statistical office or line ministry publication,World Bank / UN / ITU official statistical system,Line ministry / statistics office,named-gap,,SME digital-adoption survey,,no,SME access to digital agriculture tools.,missing,,,,,E,0,,,,,,,,"Egypt — 6.13 SME access to digital agriculture tools/platforms (%). Definition: SME access to digital agriculture tools/platforms (%). Method: Quantitative threshold. Required cut: agricultural. Preferred years 2024–2026. Try national first (National statistical office or line ministry publication), then World Bank / UN / ITU official statistical system. Return only: value, unit, observation year, source organisation, exact publication title, URL, and whether the series is DIRECT or PROXY for this definition. If you cannot find a cited official figure, say MISSING and name the steward who should hold it. Do not invent a number."
7.1,AI-related scientific publications per million population,E2,Responsible AI & emerging tech,Ecosystem,no,quantitative,Quantitative threshold,national,3,2023–2026,AI-related scientific publications per million population. Method: Quantitative threshold.,National statistical office series that matches the international definition,World Bank / UN / ITU official statistical system,Statistics office / international statistical system,named-gap,,Scopus / OpenAlex AI publications,,no,"AI-related publications per million. Bibliometric extract, not a WDI series.",missing,,,,,E,0,,,,,,,,"Egypt — 7.1 AI-related scientific publications per million population. Definition: AI-related scientific publications per million population. Method: Quantitative threshold. Required cut: national. Preferred years 2023–2026. Try national first (National statistical office series that matches the international definition), then World Bank / UN / ITU official statistical system. Return only: value, unit, observation year, source organisation, exact publication title, URL, and whether the series is DIRECT or PROXY for this definition. If you cannot find a cited official figure, say MISSING and name the steward who should hold it. Do not invent a number."
7.2,AI systems deployed in public agricultural sector,E2,Responsible AI & emerging tech,Ecosystem,no,rubric,Anchored capability rubric,agricultural,2,2024–2026,AI systems deployed in public agricultural sector. Method: Anchored capability rubric.,National statistical office or line ministry publication,No international substitute — documentary lead only,Line ministry / statistics office,named-gap,,Public-sector AI inventory,,no,Anchored rubric — panel scoring.,missing,,,,,E,0,,,,,,,,"Egypt — 7.2 AI systems deployed in public agricultural sector. Definition: AI systems deployed in public agricultural sector. Method: Anchored capability rubric. Required cut: agricultural. Preferred years 2024–2026. Try national first (National statistical office or line ministry publication), then No international substitute — documentary lead only. Return only: value, unit, observation year, source organisation, exact publication title, URL, and whether the series is DIRECT or PROXY for this definition. If you cannot find a cited official figure, say MISSING and name the steward who should hold it. Do not invent a number."
7.3,AI-enabled advisory services (farmer reach %),E2,Responsible AI & emerging tech,Ecosystem,no,quantitative,Quantitative threshold,agricultural,2,2024–2026,AI-enabled advisory services (farmer reach %). Method: Quantitative threshold.,National statistical office or line ministry publication,World Bank / UN / ITU official statistical system,Line ministry / statistics office,named-gap,,Advisory reach statistics,,no,Farmer reach of AI-enabled advisory.,missing,,,,,E,0,,,,,,,,"Egypt — 7.3 AI-enabled advisory services (farmer reach %). Definition: AI-enabled advisory services (farmer reach %). Method: Quantitative threshold. Required cut: agricultural. Preferred years 2024–2026. Try national first (National statistical office or line ministry publication), then World Bank / UN / ITU official statistical system. Return only: value, unit, observation year, source organisation, exact publication title, URL, and whether the series is DIRECT or PROXY for this definition. If you cannot find a cited official figure, say MISSING and name the steward who should hold it. Do not invent a number."
7.4,AI for crop/pest/disease detection and monitoring,E2,Responsible AI & emerging tech,Ecosystem,no,quantitative,Quantitative threshold,national,2,2024–2026,AI for crop/pest/disease detection and monitoring. Method: Quantitative threshold.,National statistical office or line ministry publication,World Bank / UN / ITU official statistical system,Line ministry / statistics office,named-gap,,Detection-system coverage,,no,Coverage of AI crop/pest/disease detection.,missing,,,,,E,0,,,,,,,,"Egypt — 7.4 AI for crop/pest/disease detection and monitoring. Definition: AI for crop/pest/disease detection and monitoring. Method: Quantitative threshold. Required cut: national. Preferred years 2024–2026. Try national first (National statistical office or line ministry publication), then World Bank / UN / ITU official statistical system. Return only: value, unit, observation year, source organisation, exact publication title, URL, and whether the series is DIRECT or PROXY for this definition. If you cannot find a cited official figure, say MISSING and name the steward who should hold it. Do not invent a number."
7.5,"AI in agricultural finance (credit scoring, insurance)",E2,Responsible AI & emerging tech,Ecosystem,no,quantitative,Quantitative threshold,agricultural,2,2024–2026,"AI in agricultural finance (credit scoring, insurance). Method: Quantitative threshold.",National statistical office or line ministry publication,World Bank / UN / ITU official statistical system,Line ministry / statistics office,named-gap,,Agri-finance AI deployments,,no,Coverage of AI in agricultural finance.,missing,,,,,E,0,,,,,,,,"Egypt — 7.5 AI in agricultural finance (credit scoring, insurance). Definition: AI in agricultural finance (credit scoring, insurance). Method: Quantitative threshold. Required cut: agricultural. Preferred years 2024–2026. Try national first (National statistical office or line ministry publication), then World Bank / UN / ITU official statistical system. Return only: value, unit, observation year, source organisation, exact publication title, URL, and whether the series is DIRECT or PROXY for this definition. If you cannot find a cited official figure, say MISSING and name the steward who should hold it. Do not invent a number."
7.6,AI for supply chain optimization and traceability,E2,Responsible AI & emerging tech,Ecosystem,no,quantitative,Quantitative threshold,national,2,2024–2026,AI for supply chain optimization and traceability. Method: Quantitative threshold.,National statistical office or line ministry publication,World Bank / UN / ITU official statistical system,Line ministry / statistics office,named-gap,,Traceability / logistics systems,,no,Coverage of AI in supply-chain optimisation.,missing,,,,,E,0,,,,,,,,"Egypt — 7.6 AI for supply chain optimization and traceability. Definition: AI for supply chain optimization and traceability. Method: Quantitative threshold. Required cut: national. Preferred years 2024–2026. Try national first (National statistical office or line ministry publication), then World Bank / UN / ITU official statistical system. Return only: value, unit, observation year, source organisation, exact publication title, URL, and whether the series is DIRECT or PROXY for this definition. If you cannot find a cited official figure, say MISSING and name the steward who should hold it. Do not invent a number."
7.7,AI for climate forecasting and agricultural risk management,E2,Responsible AI & emerging tech,Ecosystem,no,quantitative,Quantitative threshold,agricultural,2,2024–2026,AI for climate forecasting and agricultural risk management. Method: Quantitative threshold.,National statistical office or line ministry publication,World Bank / UN / ITU official statistical system,Line ministry / statistics office,named-gap,,Climate-risk AI services,,no,Coverage of AI climate forecasting for agriculture.,missing,,,,,E,0,,,,,,,,"Egypt — 7.7 AI for climate forecasting and agricultural risk management. Definition: AI for climate forecasting and agricultural risk management. Method: Quantitative threshold. Required cut: agricultural. Preferred years 2024–2026. Try national first (National statistical office or line ministry publication), then World Bank / UN / ITU official statistical system. Return only: value, unit, observation year, source organisation, exact publication title, URL, and whether the series is DIRECT or PROXY for this definition. If you cannot find a cited official figure, say MISSING and name the steward who should hold it. Do not invent a number."
7.8,AI talent in agriculture sector,E2,Responsible AI & emerging tech,Ecosystem,no,rubric,Anchored capability rubric,agricultural,2,2024–2026,AI talent in agriculture sector. Method: Anchored capability rubric.,National statistical office or line ministry publication,No international substitute — documentary lead only,Line ministry / statistics office,named-gap,,Workforce / vacancy data,,no,Anchored rubric — panel scoring.,missing,,,,,E,0,,,,,,,,"Egypt — 7.8 AI talent in agriculture sector. Definition: AI talent in agriculture sector. Method: Anchored capability rubric. Required cut: agricultural. Preferred years 2024–2026. Try national first (National statistical office or line ministry publication), then No international substitute — documentary lead only. Return only: value, unit, observation year, source organisation, exact publication title, URL, and whether the series is DIRECT or PROXY for this definition. If you cannot find a cited official figure, say MISSING and name the steward who should hold it. Do not invent a number."
7.9,Cybersecurity of agricultural digital systems,E2,Responsible AI & emerging tech,Ecosystem,yes,rubric,Anchored capability rubric,agricultural,2,2024–2026,"Cybersecurity controls applied to agricultural digital systems (registries, advisory, markets), not only the national GCI.","Agriculture-system security audit, CERT advisory or ministry CISO report",No scored international substitute.,Ministry of Agriculture CISO / national CERT,named-gap,,Sector security assessments,,no,Core gate. Recast in v1.3 — do not import the national GCI as the score.,missing,,,,,E,0,,,,,,,,"Egypt — 7.9 Cybersecurity of agricultural digital systems. Definition: Cybersecurity controls applied to agricultural digital systems (registries, advisory, markets), not only the national GCI. Required cut: agricultural. Preferred years 2024–2026. Try national first (Agriculture-system security audit, CERT advisory or ministry CISO report), then No scored international substitute.. Return only: value, unit, observation year, source organisation, exact publication title, URL, and whether the series is DIRECT or PROXY for this definition. If you cannot find a cited official figure, say MISSING and name the steward who should hold it. Do not invent a number."
7.10,Explainability and transparency of AI systems in agriculture,E2,Responsible AI & emerging tech,Ecosystem,no,rubric,Anchored capability rubric,agricultural,2,2024–2026,Explainability and transparency of AI systems in agriculture. Method: Anchored capability rubric.,National statistical office or line ministry publication,No international substitute — documentary lead only,Line ministry / statistics office,named-gap,,Model cards / farmer-facing notices,,no,Anchored rubric — panel scoring.,missing,,,,,E,0,,,,,,,,"Egypt — 7.10 Explainability and transparency of AI systems in agriculture. Definition: Explainability and transparency of AI systems in agriculture. Method: Anchored capability rubric. Required cut: agricultural. Preferred years 2024–2026. Try national first (National statistical office or line ministry publication), then No international substitute — documentary lead only. Return only: value, unit, observation year, source organisation, exact publication title, URL, and whether the series is DIRECT or PROXY for this definition. If you cannot find a cited official figure, say MISSING and name the steward who should hold it. Do not invent a number."
7.11,Bias monitoring and mitigation in agricultural AI,E2,Responsible AI & emerging tech,Ecosystem,no,rubric,Anchored capability rubric,agricultural,2,2024–2026,Bias monitoring and mitigation in agricultural AI. Method: Anchored capability rubric.,National statistical office or line ministry publication,No international substitute — documentary lead only,Line ministry / statistics office,named-gap,,Bias-assessment reports,,no,Anchored rubric — panel scoring.,missing,,,,,E,0,,,,,,,,"Egypt — 7.11 Bias monitoring and mitigation in agricultural AI. Definition: Bias monitoring and mitigation in agricultural AI. Method: Anchored capability rubric. Required cut: agricultural. Preferred years 2024–2026. Try national first (National statistical office or line ministry publication), then No international substitute — documentary lead only. Return only: value, unit, observation year, source organisation, exact publication title, URL, and whether the series is DIRECT or PROXY for this definition. If you cannot find a cited official figure, say MISSING and name the steward who should hold it. Do not invent a number."
7.12,Farmer consent and data rights in AI systems,E2,Responsible AI & emerging tech,Ecosystem,yes,rubric,Anchored capability rubric,agricultural,2,2024–2026,Documented farmer consent and data-rights practice in agricultural AI or digital-advisory systems.,"Consent policy, DPIA or farmer-facing terms issued by the ministry or a major public platform",No scored international substitute.,Data-protection authority / Ministry of Agriculture,named-gap,,Consent / data-rights records,,no,Core gate. Anchored rubric — panel scoring.,missing,,,,,E,0,,,,,,,,"Egypt — 7.12 Farmer consent and data rights in AI systems. Definition: Documented farmer consent and data-rights practice in agricultural AI or digital-advisory systems. Required cut: agricultural. Preferred years 2024–2026. Try national first (Consent policy, DPIA or farmer-facing terms issued by the ministry or a major public platform), then No scored international substitute.. Return only: value, unit, observation year, source organisation, exact publication title, URL, and whether the series is DIRECT or PROXY for this definition. If you cannot find a cited official figure, say MISSING and name the steward who should hold it. Do not invent a number."
8.1,Prevalence of undernourishment (% of population),O1,"Inclusion, sustainability & outcomes",Outcome,no,quantitative,Quantitative threshold,national,3,2023–2026,Prevalence of undernourishment (% of population). Method: Quantitative threshold.,National statistical office series that matches the international definition,World Bank / UN / ITU official statistical system,Statistics office / international statistical system,worldbank,SN.ITK.DEFC.ZS,World Bank WDI / FAO,https://data.worldbank.org/indicator/SN.ITK.DEFC.ZS,no,,direct,9.4,2023,World Bank WDI / FAO,https://data.worldbank.org/indicator/SN.ITK.DEFC.ZS,A,96,,,,,,,,"Egypt — 8.1 Prevalence of undernourishment (% of population). Definition: Prevalence of undernourishment (% of population). Method: Quantitative threshold. Required cut: national. Preferred years 2023–2026. Try national first (National statistical office series that matches the international definition), then World Bank / UN / ITU official statistical system. Return only: value, unit, observation year, source organisation, exact publication title, URL, and whether the series is DIRECT or PROXY for this definition. If you cannot find a cited official figure, say MISSING and name the steward who should hold it. Do not invent a number."
8.2,"Account ownership, female (% age 15+)",O1,"Inclusion, sustainability & outcomes",Outcome,no,quantitative,Quantitative threshold,sex,3,2023–2026,"Account ownership, female (% age 15+). Method: Quantitative threshold.",National statistical office series that matches the international definition,World Bank / UN / ITU official statistical system,Statistics office / international statistical system,worldbank,FX.OWN.TOTL.FE.ZS,Global Findex (female account ownership),https://data.worldbank.org/indicator/FX.OWN.TOTL.FE.ZS,no,,direct,40.21,2024,Global Findex (female account ownership),https://data.worldbank.org/indicator/FX.OWN.TOTL.FE.ZS,A,96,,,,,,,,"Egypt — 8.2 Account ownership, female (% age 15+). Definition: Account ownership, female (% age 15+). Method: Quantitative threshold. Required cut: sex. Preferred years 2023–2026. Try national first (National statistical office series that matches the international definition), then World Bank / UN / ITU official statistical system. Return only: value, unit, observation year, source organisation, exact publication title, URL, and whether the series is DIRECT or PROXY for this definition. If you cannot find a cited official figure, say MISSING and name the steward who should hold it. Do not invent a number."
8.3,Gender gap in account ownership (male % minus female %),O1,"Inclusion, sustainability & outcomes",Outcome,no,quantitative,Quantitative threshold,sex,3,2023–2026,Gender gap in account ownership (male % minus female %). Method: Quantitative threshold.,National statistical office series that matches the international definition,World Bank / UN / ITU official statistical system,Statistics office / international statistical system,derived,FX.OWN.TOTL.MA.ZS,Global Findex (male minus female account ownership),https://data.worldbank.org/indicator/FX.OWN.TOTL.FE.ZS,no,,direct,5.74,2024,Global Findex (male minus female account ownership),https://data.worldbank.org/indicator/FX.OWN.TOTL.FE.ZS,A,96,,,,,,,,"Egypt — 8.3 Gender gap in account ownership (male % minus female %). Definition: Gender gap in account ownership (male % minus female %). Method: Quantitative threshold. Required cut: sex. Preferred years 2023–2026. Try national first (National statistical office series that matches the international definition), then World Bank / UN / ITU official statistical system. Return only: value, unit, observation year, source organisation, exact publication title, URL, and whether the series is DIRECT or PROXY for this definition. If you cannot find a cited official figure, say MISSING and name the steward who should hold it. Do not invent a number."
8.4,Mobile money account (% age 15+),O1,"Inclusion, sustainability & outcomes",Outcome,no,quantitative,Quantitative threshold,national,3,2023–2026,Mobile money account (% age 15+). Method: Quantitative threshold.,National statistical office series that matches the international definition,World Bank / UN / ITU official statistical system,Statistics office / international statistical system,data360,WB_FINDEX_MOBILEACCOUNT_T_D,Global Findex — mobile money account (via World Bank Data360),https://www.worldbank.org/en/publication/globalfindex,no,,direct,15.61,2024,Global Findex — mobile money account (via World Bank Data360),https://www.worldbank.org/en/publication/globalfindex,A,96,,,,,,,,"Egypt — 8.4 Mobile money account (% age 15+). Definition: Mobile money account (% age 15+). Method: Quantitative threshold. Required cut: national. Preferred years 2023–2026. Try national first (National statistical office series that matches the international definition), then World Bank / UN / ITU official statistical system. Return only: value, unit, observation year, source organisation, exact publication title, URL, and whether the series is DIRECT or PROXY for this definition. If you cannot find a cited official figure, say MISSING and name the steward who should hold it. Do not invent a number."
8.5,Women who own land (% of agricultural holders),O1,"Inclusion, sustainability & outcomes",Outcome,no,quantitative,Quantitative threshold,agricultural,3,2023–2026,Women who own land (% of agricultural holders). Method: Quantitative threshold.,National statistical office series that matches the international definition,World Bank / UN / ITU official statistical system,Statistics office / international statistical system,worldbank,SG.OWN.LDAL.FE.ZS,"World Bank Gender Statistics (women who own land, alone or jointly)",https://data.worldbank.org/indicator/SG.OWN.LDAL.FE.ZS,yes,Proxy: Gender Statistics series on women who own land alone or jointly. Confirm against FAO Gender and Land Rights / the agricultural census share of female holders.,proxy,0.7,2014,"World Bank Gender Statistics (women who own land, alone or jointly)",https://data.worldbank.org/indicator/SG.OWN.LDAL.FE.ZS,D,53,,,,,,,,"Egypt — 8.5 Women who own land (% of agricultural holders). Definition: Women who own land (% of agricultural holders). Method: Quantitative threshold. Required cut: agricultural. Preferred years 2023–2026. Try national first (National statistical office series that matches the international definition), then World Bank / UN / ITU official statistical system. Return only: value, unit, observation year, source organisation, exact publication title, URL, and whether the series is DIRECT or PROXY for this definition. If you cannot find a cited official figure, say MISSING and name the steward who should hold it. Do not invent a number."
8.6,Gender gap in mobile phone ownership (percentage points),O1,"Inclusion, sustainability & outcomes",Outcome,no,quantitative,Quantitative threshold,sex,3,2023–2026,Gender gap in mobile phone ownership (percentage points). Method: Quantitative threshold.,National statistical office or line ministry publication,World Bank / UN / ITU official statistical system,Line ministry / statistics office,named-gap,,GSMA / Findex gender gap in mobile ownership,https://www.worldbank.org/en/publication/globalfindex,no,Percentage-point gap in mobile phone ownership.,missing,,,,,E,0,,,,,,,,"Egypt — 8.6 Gender gap in mobile phone ownership (percentage points). Definition: Gender gap in mobile phone ownership (percentage points). Method: Quantitative threshold. Required cut: sex. Preferred years 2023–2026. Try national first (National statistical office or line ministry publication), then World Bank / UN / ITU official statistical system. Return only: value, unit, observation year, source organisation, exact publication title, URL, and whether the series is DIRECT or PROXY for this definition. If you cannot find a cited official figure, say MISSING and name the steward who should hold it. Do not invent a number."
8.7,Women using digital agricultural services (% of women farmers),O1,"Inclusion, sustainability & outcomes",Outcome,no,quantitative,Quantitative threshold,agricultural,3,2023–2026,Women using digital agricultural services (% of women farmers). Method: Quantitative threshold.,National statistical office or line ministry publication,World Bank / UN / ITU official statistical system,Line ministry / statistics office,named-gap,,Farmer demand and use survey,,no,FDUS / household survey.,missing,,,,,E,0,,,,,,,,"Egypt — 8.7 Women using digital agricultural services (% of women farmers). Definition: Women using digital agricultural services (% of women farmers). Method: Quantitative threshold. Required cut: agricultural. Preferred years 2023–2026. Try national first (National statistical office or line ministry publication), then World Bank / UN / ITU official statistical system. Return only: value, unit, observation year, source organisation, exact publication title, URL, and whether the series is DIRECT or PROXY for this definition. If you cannot find a cited official figure, say MISSING and name the steward who should hold it. Do not invent a number."
8.8,Youth (under 35) using digital agricultural services (%),O1,"Inclusion, sustainability & outcomes",Outcome,no,quantitative,Quantitative threshold,agricultural,3,2023–2026,Youth (under 35) using digital agricultural services (%). Method: Quantitative threshold.,National statistical office or line ministry publication,World Bank / UN / ITU official statistical system,Line ministry / statistics office,named-gap,,Farmer demand and use survey,,no,FDUS / household survey.,missing,,,,,E,0,,,,,,,,"Egypt — 8.8 Youth (under 35) using digital agricultural services (%). Definition: Youth (under 35) using digital agricultural services (%). Method: Quantitative threshold. Required cut: agricultural. Preferred years 2023–2026. Try national first (National statistical office or line ministry publication), then World Bank / UN / ITU official statistical system. Return only: value, unit, observation year, source organisation, exact publication title, URL, and whether the series is DIRECT or PROXY for this definition. If you cannot find a cited official figure, say MISSING and name the steward who should hold it. Do not invent a number."
8.9,Smallholder farmers reached by digital services (% of total),O1,"Inclusion, sustainability & outcomes",Outcome,no,quantitative,Quantitative threshold,agricultural,3,2023–2026,Smallholder farmers reached by digital services (% of total). Method: Quantitative threshold.,National statistical office or line ministry publication,World Bank / UN / ITU official statistical system,Line ministry / statistics office,named-gap,,Farmer demand and use survey,,no,FDUS / household survey.,missing,,,,,E,0,,,,,,,,"Egypt — 8.9 Smallholder farmers reached by digital services (% of total). Definition: Smallholder farmers reached by digital services (% of total). Method: Quantitative threshold. Required cut: agricultural. Preferred years 2023–2026. Try national first (National statistical office or line ministry publication), then World Bank / UN / ITU official statistical system. Return only: value, unit, observation year, source organisation, exact publication title, URL, and whether the series is DIRECT or PROXY for this definition. If you cannot find a cited official figure, say MISSING and name the steward who should hold it. Do not invent a number."
8.10,Affordability of digital agriculture services for poorest quintile,O1,"Inclusion, sustainability & outcomes",Outcome,no,quantitative,Quantitative threshold,agricultural,3,2023–2026,Affordability of digital agriculture services for poorest quintile. Method: Quantitative threshold.,National statistical office or line ministry publication,World Bank / UN / ITU official statistical system,Line ministry / statistics office,named-gap,,FDUS / household expenditure survey,,no,Share of bottom-quintile rural households for whom the defined digital-agriculture basket costs ≤5% of expenditure.,missing,,,,,E,0,,,,,,,,"Egypt — 8.10 Affordability of digital agriculture services for poorest quintile. Definition: Affordability of digital agriculture services for poorest quintile. Method: Quantitative threshold. Required cut: agricultural. Preferred years 2023–2026. Try national first (National statistical office or line ministry publication), then World Bank / UN / ITU official statistical system. Return only: value, unit, observation year, source organisation, exact publication title, URL, and whether the series is DIRECT or PROXY for this definition. If you cannot find a cited official figure, say MISSING and name the steward who should hold it. Do not invent a number."
8.11,Services available in local languages (% of major platforms),O1,"Inclusion, sustainability & outcomes",Outcome,no,quantitative,Quantitative threshold,national,3,2023–2026,Services available in local languages (% of major platforms). Method: Quantitative threshold.,National statistical office or line ministry publication,World Bank / UN / ITU official statistical system,Line ministry / statistics office,named-gap,,Platform language audit,,no,Share of major platforms offering local-language services.,missing,,,,,E,0,,,,,,,,"Egypt — 8.11 Services available in local languages (% of major platforms). Definition: Services available in local languages (% of major platforms). Method: Quantitative threshold. Required cut: national. Preferred years 2023–2026. Try national first (National statistical office or line ministry publication), then World Bank / UN / ITU official statistical system. Return only: value, unit, observation year, source organisation, exact publication title, URL, and whether the series is DIRECT or PROXY for this definition. If you cannot find a cited official figure, say MISSING and name the steward who should hold it. Do not invent a number."
8.12,Documented yield improvement from digital tools (%),O1,"Inclusion, sustainability & outcomes",Outcome,no,rubric,Anchored evidence-quality rubric,national,3,2023–2026,Documented yield improvement from digital tools (%). Method: Anchored evidence-quality rubric.,National statistical office or line ministry publication,No international substitute — documentary lead only,Line ministry / statistics office,named-gap,,Impact-evidence register,,no,"Scores the QUALITY of yield-impact evidence, not the size of claimed impact.",missing,,,,,E,0,,,,,,,,"Egypt — 8.12 Documented yield improvement from digital tools (%). Definition: Documented yield improvement from digital tools (%). Method: Anchored evidence-quality rubric. Required cut: national. Preferred years 2023–2026. Try national first (National statistical office or line ministry publication), then No international substitute — documentary lead only. Return only: value, unit, observation year, source organisation, exact publication title, URL, and whether the series is DIRECT or PROXY for this definition. If you cannot find a cited official figure, say MISSING and name the steward who should hold it. Do not invent a number."
8.13,Documented income improvement from digital tools (%),O1,"Inclusion, sustainability & outcomes",Outcome,no,rubric,Anchored evidence-quality rubric,national,3,2023–2026,Documented income improvement from digital tools (%). Method: Anchored evidence-quality rubric.,National statistical office or line ministry publication,No international substitute — documentary lead only,Line ministry / statistics office,named-gap,,Impact-evidence register,,no,"Scores the QUALITY of income-impact evidence, not the size of claimed impact.",missing,,,,,E,0,,,,,,,,"Egypt — 8.13 Documented income improvement from digital tools (%). Definition: Documented income improvement from digital tools (%). Method: Anchored evidence-quality rubric. Required cut: national. Preferred years 2023–2026. Try national first (National statistical office or line ministry publication), then No international substitute — documentary lead only. Return only: value, unit, observation year, source organisation, exact publication title, URL, and whether the series is DIRECT or PROXY for this definition. If you cannot find a cited official figure, say MISSING and name the steward who should hold it. Do not invent a number."
8.14,Farmers using digital climate services (%),O1,"Inclusion, sustainability & outcomes",Outcome,no,quantitative,Quantitative threshold,agricultural,3,2023–2026,Farmers using digital climate services (%). Method: Quantitative threshold.,National statistical office or line ministry publication,World Bank / UN / ITU official statistical system,Line ministry / statistics office,named-gap,,Climate-service reach statistics,,no,Farmers using digital climate services.,missing,,,,,E,0,,,,,,,,"Egypt — 8.14 Farmers using digital climate services (%). Definition: Farmers using digital climate services (%). Method: Quantitative threshold. Required cut: agricultural. Preferred years 2023–2026. Try national first (National statistical office or line ministry publication), then World Bank / UN / ITU official statistical system. Return only: value, unit, observation year, source organisation, exact publication title, URL, and whether the series is DIRECT or PROXY for this definition. If you cannot find a cited official figure, say MISSING and name the steward who should hold it. Do not invent a number."
8.15,Environmental sustainability of digital agriculture systems,O1,"Inclusion, sustainability & outcomes",Outcome,no,quantitative,Quantitative threshold,agricultural,3,2023–2026,Environmental sustainability of digital agriculture systems. Method: Quantitative threshold.,National statistical office or line ministry publication,World Bank / UN / ITU official statistical system,Line ministry / statistics office,named-gap,,Environmental-sustainability assessment,,no,Environmental sustainability of digital agriculture systems.,missing,,,,,E,0,,,,,,,,"Egypt — 8.15 Environmental sustainability of digital agriculture systems. Definition: Environmental sustainability of digital agriculture systems. Method: Quantitative threshold. Required cut: agricultural. Preferred years 2023–2026. Try national first (National statistical office or line ministry publication), then World Bank / UN / ITU official statistical system. Return only: value, unit, observation year, source organisation, exact publication title, URL, and whether the series is DIRECT or PROXY for this definition. If you cannot find a cited official figure, say MISSING and name the steward who should hold it. Do not invent a number."